county,date,json,data_set_id
Statewide,2003-07-01,"{""ma_children"":794109,""ma_individuals"":1568331}",2
Statewide,2003-08-01,"{""ma_children"":802259,""ma_individuals"":1583604}",2
Statewide,2003-09-01,"{""ma_children"":806974,""ma_individuals"":1593909}",2
Statewide,2003-10-01,"{""ma_children"":808106,""ma_individuals"":1598428}",2
Statewide,2003-11-01,"{""ma_children"":812324,""ma_individuals"":1606559}",2
Statewide,2003-12-01,"{""ma_children"":808300,""ma_individuals"":1599837}",2
Statewide,2004-01-01,"{""ma_children"":818673,""ma_individuals"":1619962}",2
Statewide,2004-02-01,"{""ma_children"":824538,""ma_individuals"":1633543}",2
Statewide,2004-03-01,"{""ma_children"":829877,""ma_individuals"":1646213}",2
Statewide,2004-04-01,"{""ma_children"":834485,""ma_individuals"":1655202}",2
Statewide,2004-05-01,"{""ma_children"":848421,""ma_individuals"":1681510}",2
Statewide,2004-06-01,"{""ma_children"":844226,""ma_individuals"":1675709}",2
Statewide,2004-07-01,"{""ma_children"":854697,""ma_individuals"":1695805}",2
Statewide,2004-08-01,"{""ma_children"":863598,""ma_individuals"":1713023}",2
Statewide,2004-09-01,"{""ma_children"":863606,""ma_individuals"":1714467}",2
Statewide,2004-10-01,"{""ma_children"":870954,""ma_individuals"":1730171}",2
Statewide,2004-11-01,"{""ma_children"":874967,""ma_individuals"":1737462}",2
Statewide,2004-12-01,"{""ma_children"":874682,""ma_individuals"":1737227}",2
Statewide,2005-01-01,"{""ma_children"":883452,""ma_individuals"":1754796}",2
Statewide,2005-02-01,"{""ma_children"":884092,""ma_individuals"":1756741}",2
Statewide,2005-03-01,"{""ma_children"":889965,""ma_individuals"":1767771}",2
Statewide,2005-04-01,"{""ma_children"":898263,""ma_individuals"":1783183}",2
Statewide,2005-05-01,"{""ma_children"":904904,""ma_individuals"":1794043}",2
Statewide,2005-06-01,"{""ma_children"":901530,""ma_individuals"":1786685}",2
Statewide,2005-07-01,"{""ma_children"":903826,""ma_individuals"":1791598}",2
Statewide,2005-08-01,"{""ma_children"":910408,""ma_individuals"":1805225}",2
Statewide,2005-09-01,"{""ma_children"":910200,""ma_individuals"":1805502}",2
Statewide,2005-10-01,"{""ma_children"":918334,""ma_individuals"":1821871}",2
Statewide,2005-11-01,"{""ma_children"":913799,""ma_individuals"":1814104}",2
Statewide,2005-12-01,"{""ma_children"":919396,""ma_individuals"":1822722}",2
Statewide,2006-01-01,"{""ma_children"":925401,""ma_individuals"":1832035}",2
Statewide,2006-02-01,"{""ma_children"":926280,""ma_individuals"":1830889}",2
Statewide,2006-03-01,"{""ma_children"":941334,""ma_individuals"":1853985}",2
Statewide,2006-04-01,"{""ma_children"":954129,""ma_individuals"":1871778}",2
Statewide,2006-05-01,"{""ma_children"":960254,""ma_individuals"":1878145}",2
Statewide,2006-06-01,"{""ma_children"":962727,""ma_individuals"":1877364}",2
Statewide,2006-07-01,"{""ma_children"":967070,""ma_individuals"":1880983}",2
Statewide,2006-08-01,"{""ma_children"":975939,""ma_individuals"":1893364}",2
Statewide,2006-09-01,"{""ma_children"":972697,""ma_individuals"":1888814}",2
Statewide,2006-10-01,"{""ma_children"":973495,""ma_individuals"":1891539}",2
Statewide,2006-11-01,"{""ma_children"":964626,""ma_individuals"":1874432}",2
Statewide,2006-12-01,"{""ma_children"":963098,""ma_individuals"":1871952}",2
Statewide,2007-01-01,"{""ma_children"":964040,""ma_individuals"":1873546}",2
Statewide,2007-02-01,"{""ma_children"":960986,""ma_individuals"":1868867}",2
Statewide,2007-03-01,"{""ma_children"":974795,""ma_individuals"":1893569}",2
Statewide,2007-04-01,"{""ma_children"":973519,""ma_individuals"":1892051}",2
Statewide,2007-05-01,"{""ma_children"":969793,""ma_individuals"":1886836}",2
Statewide,2007-06-01,"{""ma_children"":969907,""ma_individuals"":1887649}",2
Statewide,2007-07-01,"{""ma_children"":975708,""ma_individuals"":1895525}",2
Statewide,2007-08-01,"{""ma_children"":979142,""ma_individuals"":1902307}",2
Statewide,2007-09-01,"{""ma_children"":982902,""ma_individuals"":1909992}",2
Statewide,2007-10-01,"{""ma_children"":980506,""ma_individuals"":1909492}",2
Statewide,2007-11-01,"{""ma_children"":969616,""ma_individuals"":1890567}",2
Statewide,2007-12-01,"{""ma_children"":970816,""ma_individuals"":1893949}",2
Statewide,2008-01-01,"{""ma_children"":970072,""ma_individuals"":1894194}",2
Statewide,2008-02-01,"{""ma_children"":970689,""ma_individuals"":1898153}",2
Statewide,2008-03-01,"{""ma_children"":988794,""ma_individuals"":1936114}",2
Statewide,2008-04-01,"{""ma_children"":991804,""ma_individuals"":1946605}",2
Statewide,2008-05-01,"{""ma_children"":994786,""ma_individuals"":1955604}",2
Statewide,2008-06-01,"{""ma_children"":992059,""ma_individuals"":1952383}",2
Statewide,2008-07-01,"{""ma_children"":993591,""ma_individuals"":1956781}",2
Statewide,2008-08-01,"{""ma_children"":1001429,""ma_individuals"":1972850}",2
Statewide,2008-09-01,"{""ma_children"":1005268,""ma_individuals"":1980761}",2
Statewide,2008-10-01,"{""ma_children"":1010404,""ma_individuals"":1992046}",2
Statewide,2008-11-01,"{""ma_children"":1013706,""ma_individuals"":2001054}",2
Statewide,2008-12-01,"{""ma_children"":1016800,""ma_individuals"":2009340}",2
Statewide,2009-01-01,"{""ma_children"":1021680,""ma_individuals"":2022583}",2
Statewide,2009-02-01,"{""ma_children"":1030935,""ma_individuals"":2038900}",2
Statewide,2009-03-01,"{""ma_children"":1043044,""ma_individuals"":2059462}",2
Statewide,2009-04-01,"{""ma_children"":1043337,""ma_individuals"":2059168}",2
Statewide,2009-05-01,"{""ma_children"":1047519,""ma_individuals"":2068414}",2
Statewide,2009-06-01,"{""ma_children"":1051344,""ma_individuals"":2077301}",2
Statewide,2009-07-01,"{""ma_children"":1055349,""ma_individuals"":2083389}",2
Statewide,2009-08-01,"{""ma_children"":1070432,""ma_individuals"":2110698}",2
Statewide,2009-09-01,"{""ma_children"":1071832,""ma_individuals"":2114380}",2
Statewide,2009-10-01,"{""ma_children"":1083036,""ma_individuals"":2136334}",2
Statewide,2009-11-01,"{""ma_children"":1079750,""ma_individuals"":2130149}",2
Statewide,2009-12-01,"{""ma_children"":1075320,""ma_individuals"":2123174}",2
Statewide,2010-01-01,"{""ma_children"":1084877,""ma_individuals"":2143140}",2
Statewide,2010-02-01,"{""ma_children"":1087196,""ma_individuals"":2147130}",2
Statewide,2010-03-01,"{""ma_children"":1106879,""ma_individuals"":2184246}",2
Statewide,2010-04-01,"{""ma_children"":1103929,""ma_individuals"":2180090}",2
Statewide,2010-05-01,"{""ma_children"":1108488,""ma_individuals"":2193582}",2
Statewide,2010-06-01,"{""ma_children"":1106638,""ma_individuals"":2194361}",2
Statewide,2010-07-01,"{""ma_children"":1119997,""ma_individuals"":2223452}",2
Statewide,2010-08-01,"{""ma_children"":1124878,""ma_individuals"":2236299}",2
Statewide,2010-09-01,"{""ma_children"":1115616,""ma_individuals"":2219392}",2
Statewide,2010-10-01,"{""ma_children"":1124531,""ma_individuals"":2238902}",2
Statewide,2010-11-01,"{""ma_children"":1129425,""ma_individuals"":2250188}",2
Statewide,2010-12-01,"{""ma_children"":1130833,""ma_individuals"":2255181}",2
Statewide,2011-01-01,"{""ma_children"":1133275,""ma_individuals"":2264663}",2
Statewide,2011-02-01,"{""ma_children"":1133972,""ma_individuals"":2270369}",2
Statewide,2011-03-01,"{""ma_children"":1148329,""ma_individuals"":2298582}",2
Statewide,2011-04-01,"{""ma_children"":1153488,""ma_individuals"":2310026}",2
Statewide,2011-05-01,"{""ma_children"":1149302,""ma_individuals"":2306596}",2
Statewide,2011-06-01,"{""ma_children"":1150362,""ma_individuals"":2312862}",2
Statewide,2011-07-01,"{""ma_children"":1159605,""ma_individuals"":2331009}",2
Statewide,2011-08-01,"{""ma_children"":1161135,""ma_individuals"":2333807}",2
Statewide,2011-09-01,"{""ma_children"":1143169,""ma_individuals"":2302066}",2
Statewide,2011-10-01,"{""ma_children"":1140617,""ma_individuals"":2271176}",2
Statewide,2011-11-01,"{""ma_children"":1117732,""ma_individuals"":2196953}",2
Statewide,2011-12-01,"{""ma_children"":1073064,""ma_individuals"":2181399}",2
Statewide,2012-01-01,"{""ma_children"":1072181,""ma_individuals"":2190397}",2
Statewide,2012-02-01,"{""ma_children"":1076502,""ma_individuals"":2199245}",2
Statewide,2012-03-01,"{""ma_children"":1076738,""ma_individuals"":2201116}",2
Statewide,2012-04-01,"{""ma_children"":1072684,""ma_individuals"":2195229}",2
Statewide,2012-05-01,"{""ma_children"":1075234,""ma_individuals"":2202107}",2
Statewide,2012-06-01,"{""ma_children"":1069715,""ma_individuals"":2192953}",2
Statewide,2012-07-01,"{""ma_children"":1074581,""ma_individuals"":2200775}",2
Statewide,2012-08-01,"{""ma_children"":1075134,""ma_individuals"":2199885}",2
Statewide,2012-09-01,"{""ma_children"":1069753,""ma_individuals"":2185804}",2
Statewide,2012-10-01,"{""ma_children"":1068397,""ma_individuals"":2188180}",2
Statewide,2012-11-01,"{""ma_children"":1062986,""ma_individuals"":2175817}",2
Statewide,2012-12-01,"{""ma_children"":1065270,""ma_individuals"":2177597}",2
Statewide,2013-01-01,"{""ma_children"":1072804,""ma_individuals"":2191332}",2
Statewide,2013-02-01,"{""ma_children"":1072970,""ma_individuals"":2191973}",2
Statewide,2013-03-01,"{""ma_children"":1075703,""ma_individuals"":2196874}",2
Statewide,2013-04-01,"{""ma_children"":1078161,""ma_individuals"":2202382}",2
Statewide,2013-05-01,"{""ma_children"":1076055,""ma_individuals"":2198237}",2
Statewide,2013-06-01,"{""ma_children"":1070852,""ma_individuals"":2190971}",2
Statewide,2013-07-01,"{""ma_children"":1075764,""ma_individuals"":2203479}",2
Statewide,2013-08-01,"{""ma_children"":1072723,""ma_individuals"":2198861}",2
Statewide,2013-09-01,"{""ma_children"":1068339,""ma_individuals"":2192148}",2
Statewide,2013-10-01,"{""ma_children"":1076920,""ma_individuals"":2207082}",2
Statewide,2013-11-01,"{""ma_children"":1075357,""ma_individuals"":2206507}",2
Statewide,2013-12-01,"{""ma_children"":1076309,""ma_individuals"":2206902}",2
Statewide,2014-01-01,"{""ma_children"":1077808,""ma_individuals"":2208461}",2
Statewide,2014-02-01,"{""ma_children"":1079604,""ma_individuals"":2210693}",2
Statewide,2014-03-01,"{""ma_children"":1094716,""ma_individuals"":2237211}",2
Statewide,2014-04-01,"{""ma_children"":1104751,""ma_individuals"":2253206}",2
Statewide,2014-05-01,"{""ma_children"":1104425,""ma_individuals"":2248382}",2
Statewide,2014-06-01,"{""ma_children"":1103336,""ma_individuals"":2240971}",2
Statewide,2014-07-01,"{""ma_children"":1120006,""ma_individuals"":2251385}",2
Statewide,2014-08-01,"{""ma_children"":1121544,""ma_individuals"":2248843}",2
Statewide,2014-09-01,"{""ma_children"":1129244,""ma_individuals"":2260095}",2
Statewide,2014-10-01,"{""ma_children"":1133477,""ma_individuals"":2264683}",2
Statewide,2014-11-01,"{""ma_children"":1129623,""ma_individuals"":2251811}",2
Statewide,2014-12-01,"{""ma_children"":1133661,""ma_individuals"":2256192}",2
Statewide,2015-01-01,"{""ma_children"":1144938,""ma_individuals"":2344722}",2
Statewide,2015-02-01,"{""ma_children"":1150409,""ma_individuals"":2395527}",2
Statewide,2015-03-01,"{""ma_children"":1163740,""ma_individuals"":2464653}",2
Statewide,2015-04-01,"{""ma_children"":1169528,""ma_individuals"":2506704}",2
Statewide,2015-05-01,"{""ma_children"":1172995,""ma_individuals"":2537427}",2
Statewide,2015-06-01,"{""ma_children"":1178260,""ma_individuals"":2569794}",2
Statewide,2015-07-01,"{""ma_children"":1181348,""ma_individuals"":2592693}",2
Statewide,2015-08-01,"{""ma_children"":1184357,""ma_individuals"":2611818}",2
Statewide,2015-09-01,"{""ma_children"":1189160,""ma_individuals"":2635294}",2
Statewide,2015-10-01,"{""ma_children"":1190690,""ma_individuals"":2650622}",2
Statewide,2015-11-01,"{""ma_children"":1189250,""ma_individuals"":2661843}",2
Statewide,2015-12-01,"{""ma_children"":1194733,""ma_individuals"":2696112}",2
Statewide,2016-01-01,"{""ma_children"":1194929,""ma_individuals"":2711066}",2
Statewide,2016-02-01,"{""ma_children"":1197868,""ma_individuals"":2727218}",2
Statewide,2016-03-01,"{""ma_children"":1204758,""ma_individuals"":2752820}",2
Statewide,2016-04-01,"{""ma_children"":1202000,""ma_individuals"":2752946}",2
Statewide,2016-05-01,"{""ma_children"":1204157,""ma_individuals"":2765510}",2
Statewide,2016-06-01,"{""ma_children"":1204763,""ma_individuals"":2772011}",2
Statewide,2016-07-01,"{""ma_children"":1205204,""ma_individuals"":2779675}",2
Statewide,2016-08-01,"{""ma_children"":1210508,""ma_individuals"":2798529}",2
Statewide,2016-09-01,"{""ma_children"":1210827,""ma_individuals"":2804061}",2
Statewide,2016-10-01,"{""ma_children"":1208907,""ma_individuals"":2804943}",2
Statewide,2016-11-01,"{""ma_children"":1209570,""ma_individuals"":2814173}",2
Statewide,2016-12-01,"{""ma_children"":1211377,""ma_individuals"":2829660}",2
Statewide,2017-01-01,"{""ma_children"":1215938,""ma_individuals"":2850991}",2
Statewide,2017-02-01,"{""ma_children"":1217460,""ma_individuals"":2857966}",2
Statewide,2017-03-01,"{""ma_children"":1217363,""ma_individuals"":2858630}",2
Statewide,2017-04-01,"{""ma_children"":1214612,""ma_individuals"":2853225}",2
Statewide,2017-05-01,"{""ma_children"":1215970,""ma_individuals"":2857685}",2
Statewide,2017-06-01,"{""ma_children"":1214545,""ma_individuals"":2854064}",2
Adams,2003-07-01,"{""ma_children"":4159,""ma_individuals"":7305}",2
Adams,2003-08-01,"{""ma_children"":4206,""ma_individuals"":7393}",2
Adams,2003-09-01,"{""ma_children"":4278,""ma_individuals"":7455}",2
Adams,2003-10-01,"{""ma_children"":4291,""ma_individuals"":7500}",2
Adams,2003-11-01,"{""ma_children"":4271,""ma_individuals"":7481}",2
Adams,2003-12-01,"{""ma_children"":4270,""ma_individuals"":7492}",2
Adams,2004-01-01,"{""ma_children"":4365,""ma_individuals"":7645}",2
Adams,2004-02-01,"{""ma_children"":4460,""ma_individuals"":7789}",2
Adams,2004-03-01,"{""ma_children"":4488,""ma_individuals"":7829}",2
Adams,2004-04-01,"{""ma_children"":4509,""ma_individuals"":7863}",2
Adams,2004-05-01,"{""ma_children"":4585,""ma_individuals"":8027}",2
Adams,2004-06-01,"{""ma_children"":4536,""ma_individuals"":7959}",2
Adams,2004-07-01,"{""ma_children"":4522,""ma_individuals"":7946}",2
Adams,2004-08-01,"{""ma_children"":4602,""ma_individuals"":8045}",2
Adams,2004-09-01,"{""ma_children"":4659,""ma_individuals"":8163}",2
Adams,2004-10-01,"{""ma_children"":4678,""ma_individuals"":8205}",2
Adams,2004-11-01,"{""ma_children"":4683,""ma_individuals"":8178}",2
Adams,2004-12-01,"{""ma_children"":4654,""ma_individuals"":8149}",2
Adams,2005-01-01,"{""ma_children"":4698,""ma_individuals"":8221}",2
Adams,2005-02-01,"{""ma_children"":4743,""ma_individuals"":8279}",2
Adams,2005-03-01,"{""ma_children"":4785,""ma_individuals"":8348}",2
Adams,2005-04-01,"{""ma_children"":4876,""ma_individuals"":8497}",2
Adams,2005-05-01,"{""ma_children"":4914,""ma_individuals"":8516}",2
Adams,2005-06-01,"{""ma_children"":4892,""ma_individuals"":8511}",2
Adams,2005-07-01,"{""ma_children"":4901,""ma_individuals"":8510}",2
Adams,2005-08-01,"{""ma_children"":4926,""ma_individuals"":8579}",2
Adams,2005-09-01,"{""ma_children"":4910,""ma_individuals"":8528}",2
Adams,2005-10-01,"{""ma_children"":4904,""ma_individuals"":8535}",2
Adams,2005-11-01,"{""ma_children"":4934,""ma_individuals"":8633}",2
Adams,2005-12-01,"{""ma_children"":5021,""ma_individuals"":8755}",2
Adams,2006-01-01,"{""ma_children"":5010,""ma_individuals"":8740}",2
Adams,2006-02-01,"{""ma_children"":5043,""ma_individuals"":8805}",2
Adams,2006-03-01,"{""ma_children"":5006,""ma_individuals"":8733}",2
Adams,2006-04-01,"{""ma_children"":5106,""ma_individuals"":8845}",2
Adams,2006-05-01,"{""ma_children"":5020,""ma_individuals"":8758}",2
Adams,2006-06-01,"{""ma_children"":4956,""ma_individuals"":8672}",2
Adams,2006-07-01,"{""ma_children"":4937,""ma_individuals"":8636}",2
Adams,2006-08-01,"{""ma_children"":4871,""ma_individuals"":8548}",2
Adams,2006-09-01,"{""ma_children"":4864,""ma_individuals"":8551}",2
Adams,2006-10-01,"{""ma_children"":4862,""ma_individuals"":8580}",2
Adams,2006-11-01,"{""ma_children"":4772,""ma_individuals"":8488}",2
Adams,2006-12-01,"{""ma_children"":4724,""ma_individuals"":8415}",2
Adams,2007-01-01,"{""ma_children"":4659,""ma_individuals"":8333}",2
Adams,2007-02-01,"{""ma_children"":4750,""ma_individuals"":8483}",2
Adams,2007-03-01,"{""ma_children"":4811,""ma_individuals"":8586}",2
Adams,2007-04-01,"{""ma_children"":4768,""ma_individuals"":8531}",2
Adams,2007-05-01,"{""ma_children"":4861,""ma_individuals"":8631}",2
Adams,2007-06-01,"{""ma_children"":4842,""ma_individuals"":8600}",2
Adams,2007-07-01,"{""ma_children"":4884,""ma_individuals"":8650}",2
Adams,2007-08-01,"{""ma_children"":4915,""ma_individuals"":8701}",2
Adams,2007-09-01,"{""ma_children"":4934,""ma_individuals"":8680}",2
Adams,2007-10-01,"{""ma_children"":4936,""ma_individuals"":8710}",2
Adams,2007-11-01,"{""ma_children"":4903,""ma_individuals"":8664}",2
Adams,2007-12-01,"{""ma_children"":4879,""ma_individuals"":8589}",2
Adams,2008-01-01,"{""ma_children"":4858,""ma_individuals"":8629}",2
Adams,2008-02-01,"{""ma_children"":4862,""ma_individuals"":8602}",2
Adams,2008-03-01,"{""ma_children"":4894,""ma_individuals"":8696}",2
Adams,2008-04-01,"{""ma_children"":4923,""ma_individuals"":8729}",2
Adams,2008-05-01,"{""ma_children"":5008,""ma_individuals"":8877}",2
Adams,2008-06-01,"{""ma_children"":5005,""ma_individuals"":8898}",2
Adams,2008-07-01,"{""ma_children"":5021,""ma_individuals"":8948}",2
Adams,2008-08-01,"{""ma_children"":5089,""ma_individuals"":9032}",2
Adams,2008-09-01,"{""ma_children"":5196,""ma_individuals"":9225}",2
Adams,2008-10-01,"{""ma_children"":5244,""ma_individuals"":9305}",2
Adams,2008-11-01,"{""ma_children"":5254,""ma_individuals"":9335}",2
Adams,2008-12-01,"{""ma_children"":5301,""ma_individuals"":9399}",2
Adams,2009-01-01,"{""ma_children"":5321,""ma_individuals"":9453}",2
Adams,2009-02-01,"{""ma_children"":5379,""ma_individuals"":9558}",2
Adams,2009-03-01,"{""ma_children"":5501,""ma_individuals"":9735}",2
Adams,2009-04-01,"{""ma_children"":5561,""ma_individuals"":9786}",2
Adams,2009-05-01,"{""ma_children"":5585,""ma_individuals"":9807}",2
Adams,2009-06-01,"{""ma_children"":5664,""ma_individuals"":9910}",2
Adams,2009-07-01,"{""ma_children"":5704,""ma_individuals"":9983}",2
Adams,2009-08-01,"{""ma_children"":5794,""ma_individuals"":10141}",2
Adams,2009-09-01,"{""ma_children"":5918,""ma_individuals"":10258}",2
Adams,2009-10-01,"{""ma_children"":5981,""ma_individuals"":10370}",2
Adams,2009-11-01,"{""ma_children"":5914,""ma_individuals"":10254}",2
Adams,2009-12-01,"{""ma_children"":5960,""ma_individuals"":10267}",2
Adams,2010-01-01,"{""ma_children"":5982,""ma_individuals"":10333}",2
Adams,2010-02-01,"{""ma_children"":5944,""ma_individuals"":10300}",2
Adams,2010-03-01,"{""ma_children"":6139,""ma_individuals"":10570}",2
Adams,2010-04-01,"{""ma_children"":6050,""ma_individuals"":10449}",2
Adams,2010-05-01,"{""ma_children"":6167,""ma_individuals"":10627}",2
Adams,2010-06-01,"{""ma_children"":6121,""ma_individuals"":10576}",2
Adams,2010-07-01,"{""ma_children"":6173,""ma_individuals"":10710}",2
Adams,2010-08-01,"{""ma_children"":6294,""ma_individuals"":10886}",2
Adams,2010-09-01,"{""ma_children"":6252,""ma_individuals"":10858}",2
Adams,2010-10-01,"{""ma_children"":6334,""ma_individuals"":10990}",2
Adams,2010-11-01,"{""ma_children"":6271,""ma_individuals"":10898}",2
Adams,2010-12-01,"{""ma_children"":6198,""ma_individuals"":10818}",2
Adams,2011-01-01,"{""ma_children"":6190,""ma_individuals"":10826}",2
Adams,2011-02-01,"{""ma_children"":6261,""ma_individuals"":10913}",2
Adams,2011-03-01,"{""ma_children"":6414,""ma_individuals"":11136}",2
Adams,2011-04-01,"{""ma_children"":6461,""ma_individuals"":11297}",2
Adams,2011-05-01,"{""ma_children"":6305,""ma_individuals"":11046}",2
Adams,2011-06-01,"{""ma_children"":6229,""ma_individuals"":10933}",2
Adams,2011-07-01,"{""ma_children"":6283,""ma_individuals"":11038}",2
Adams,2011-08-01,"{""ma_children"":6354,""ma_individuals"":11147}",2
Adams,2011-09-01,"{""ma_children"":6323,""ma_individuals"":11119}",2
Adams,2011-10-01,"{""ma_children"":6337,""ma_individuals"":11034}",2
Adams,2011-11-01,"{""ma_children"":6234,""ma_individuals"":10728}",2
Adams,2011-12-01,"{""ma_children"":6004,""ma_individuals"":10713}",2
Adams,2012-01-01,"{""ma_children"":6029,""ma_individuals"":10782}",2
Adams,2012-02-01,"{""ma_children"":6034,""ma_individuals"":10810}",2
Adams,2012-03-01,"{""ma_children"":5975,""ma_individuals"":10727}",2
Adams,2012-04-01,"{""ma_children"":5959,""ma_individuals"":10704}",2
Adams,2012-05-01,"{""ma_children"":6011,""ma_individuals"":10799}",2
Adams,2012-06-01,"{""ma_children"":5990,""ma_individuals"":10722}",2
Adams,2012-07-01,"{""ma_children"":5978,""ma_individuals"":10696}",2
Adams,2012-08-01,"{""ma_children"":5985,""ma_individuals"":10721}",2
Adams,2012-09-01,"{""ma_children"":5968,""ma_individuals"":10695}",2
Adams,2012-10-01,"{""ma_children"":6079,""ma_individuals"":10837}",2
Adams,2012-11-01,"{""ma_children"":6080,""ma_individuals"":10784}",2
Adams,2012-12-01,"{""ma_children"":6049,""ma_individuals"":10720}",2
Adams,2013-01-01,"{""ma_children"":6085,""ma_individuals"":10744}",2
Adams,2013-02-01,"{""ma_children"":6075,""ma_individuals"":10749}",2
Adams,2013-03-01,"{""ma_children"":6068,""ma_individuals"":10754}",2
Adams,2013-04-01,"{""ma_children"":6185,""ma_individuals"":10906}",2
Adams,2013-05-01,"{""ma_children"":6250,""ma_individuals"":10946}",2
Adams,2013-06-01,"{""ma_children"":6164,""ma_individuals"":10847}",2
Adams,2013-07-01,"{""ma_children"":6230,""ma_individuals"":10985}",2
Adams,2013-08-01,"{""ma_children"":6314,""ma_individuals"":11120}",2
Adams,2013-09-01,"{""ma_children"":6306,""ma_individuals"":11121}",2
Adams,2013-10-01,"{""ma_children"":6321,""ma_individuals"":11150}",2
Adams,2013-11-01,"{""ma_children"":6327,""ma_individuals"":11198}",2
Adams,2013-12-01,"{""ma_children"":6301,""ma_individuals"":11192}",2
Adams,2014-01-01,"{""ma_children"":6364,""ma_individuals"":11260}",2
Adams,2014-02-01,"{""ma_children"":6443,""ma_individuals"":11357}",2
Adams,2014-03-01,"{""ma_children"":6679,""ma_individuals"":11703}",2
Adams,2014-04-01,"{""ma_children"":6826,""ma_individuals"":11889}",2
Adams,2014-05-01,"{""ma_children"":6820,""ma_individuals"":11848}",2
Adams,2014-06-01,"{""ma_children"":6822,""ma_individuals"":11823}",2
Adams,2014-07-01,"{""ma_children"":6971,""ma_individuals"":11942}",2
Adams,2014-08-01,"{""ma_children"":7010,""ma_individuals"":11969}",2
Adams,2014-09-01,"{""ma_children"":7111,""ma_individuals"":12105}",2
Adams,2014-10-01,"{""ma_children"":7108,""ma_individuals"":12086}",2
Adams,2014-11-01,"{""ma_children"":7064,""ma_individuals"":12056}",2
Adams,2014-12-01,"{""ma_children"":7137,""ma_individuals"":12145}",2
Adams,2015-01-01,"{""ma_children"":7275,""ma_individuals"":12815}",2
Adams,2015-02-01,"{""ma_children"":7279,""ma_individuals"":13079}",2
Adams,2015-03-01,"{""ma_children"":7526,""ma_individuals"":13758}",2
Adams,2015-04-01,"{""ma_children"":7595,""ma_individuals"":14053}",2
Adams,2015-05-01,"{""ma_children"":7570,""ma_individuals"":14161}",2
Adams,2015-06-01,"{""ma_children"":7600,""ma_individuals"":14321}",2
Adams,2015-07-01,"{""ma_children"":7681,""ma_individuals"":14517}",2
Adams,2015-08-01,"{""ma_children"":7671,""ma_individuals"":14630}",2
Adams,2015-09-01,"{""ma_children"":7710,""ma_individuals"":14805}",2
Adams,2015-10-01,"{""ma_children"":7725,""ma_individuals"":14917}",2
Adams,2015-11-01,"{""ma_children"":7701,""ma_individuals"":14914}",2
Adams,2015-12-01,"{""ma_children"":7782,""ma_individuals"":15241}",2
Adams,2016-01-01,"{""ma_children"":7773,""ma_individuals"":15327}",2
Adams,2016-02-01,"{""ma_children"":7752,""ma_individuals"":15361}",2
Adams,2016-03-01,"{""ma_children"":7717,""ma_individuals"":15400}",2
Adams,2016-04-01,"{""ma_children"":7706,""ma_individuals"":15383}",2
Adams,2016-05-01,"{""ma_children"":7726,""ma_individuals"":15461}",2
Adams,2016-06-01,"{""ma_children"":7745,""ma_individuals"":15477}",2
Adams,2016-07-01,"{""ma_children"":7776,""ma_individuals"":15588}",2
Adams,2016-08-01,"{""ma_children"":7757,""ma_individuals"":15525}",2
Adams,2016-09-01,"{""ma_children"":7720,""ma_individuals"":15482}",2
Adams,2016-10-01,"{""ma_children"":7722,""ma_individuals"":15491}",2
Adams,2016-11-01,"{""ma_children"":7697,""ma_individuals"":15491}",2
Adams,2016-12-01,"{""ma_children"":7654,""ma_individuals"":15537}",2
Adams,2017-01-01,"{""ma_children"":7684,""ma_individuals"":15585}",2
Adams,2017-02-01,"{""ma_children"":7694,""ma_individuals"":15618}",2
Adams,2017-03-01,"{""ma_children"":7717,""ma_individuals"":15684}",2
Adams,2017-04-01,"{""ma_children"":7697,""ma_individuals"":15651}",2
Adams,2017-05-01,"{""ma_children"":7706,""ma_individuals"":15678}",2
Adams,2017-06-01,"{""ma_children"":7654,""ma_individuals"":15582}",2
Allegheny,2003-07-01,"{""ma_children"":72710,""ma_individuals"":146549}",2
Allegheny,2003-08-01,"{""ma_children"":73242,""ma_individuals"":147640}",2
Allegheny,2003-09-01,"{""ma_children"":74019,""ma_individuals"":149088}",2
Allegheny,2003-10-01,"{""ma_children"":74108,""ma_individuals"":149489}",2
Allegheny,2003-11-01,"{""ma_children"":74178,""ma_individuals"":149850}",2
Allegheny,2003-12-01,"{""ma_children"":73918,""ma_individuals"":149536}",2
Allegheny,2004-01-01,"{""ma_children"":74716,""ma_individuals"":151084}",2
Allegheny,2004-02-01,"{""ma_children"":75175,""ma_individuals"":152302}",2
Allegheny,2004-03-01,"{""ma_children"":75679,""ma_individuals"":153322}",2
Allegheny,2004-04-01,"{""ma_children"":76180,""ma_individuals"":154233}",2
Allegheny,2004-05-01,"{""ma_children"":77447,""ma_individuals"":156723}",2
Allegheny,2004-06-01,"{""ma_children"":77090,""ma_individuals"":155981}",2
Allegheny,2004-07-01,"{""ma_children"":78083,""ma_individuals"":157869}",2
Allegheny,2004-08-01,"{""ma_children"":78924,""ma_individuals"":159473}",2
Allegheny,2004-09-01,"{""ma_children"":78837,""ma_individuals"":159630}",2
Allegheny,2004-10-01,"{""ma_children"":79484,""ma_individuals"":160904}",2
Allegheny,2004-11-01,"{""ma_children"":79761,""ma_individuals"":161430}",2
Allegheny,2004-12-01,"{""ma_children"":79943,""ma_individuals"":161828}",2
Allegheny,2005-01-01,"{""ma_children"":80766,""ma_individuals"":163385}",2
Allegheny,2005-02-01,"{""ma_children"":80805,""ma_individuals"":163425}",2
Allegheny,2005-03-01,"{""ma_children"":81235,""ma_individuals"":164500}",2
Allegheny,2005-04-01,"{""ma_children"":81768,""ma_individuals"":165719}",2
Allegheny,2005-05-01,"{""ma_children"":82282,""ma_individuals"":166702}",2
Allegheny,2005-06-01,"{""ma_children"":82054,""ma_individuals"":166176}",2
Allegheny,2005-07-01,"{""ma_children"":82261,""ma_individuals"":166468}",2
Allegheny,2005-08-01,"{""ma_children"":82525,""ma_individuals"":167264}",2
Allegheny,2005-09-01,"{""ma_children"":82694,""ma_individuals"":167687}",2
Allegheny,2005-10-01,"{""ma_children"":83615,""ma_individuals"":169399}",2
Allegheny,2005-11-01,"{""ma_children"":82980,""ma_individuals"":168477}",2
Allegheny,2005-12-01,"{""ma_children"":83078,""ma_individuals"":168765}",2
Allegheny,2006-01-01,"{""ma_children"":84959,""ma_individuals"":171813}",2
Allegheny,2006-02-01,"{""ma_children"":85444,""ma_individuals"":172160}",2
Allegheny,2006-03-01,"{""ma_children"":86550,""ma_individuals"":173922}",2
Allegheny,2006-04-01,"{""ma_children"":86765,""ma_individuals"":174055}",2
Allegheny,2006-05-01,"{""ma_children"":86999,""ma_individuals"":174138}",2
Allegheny,2006-06-01,"{""ma_children"":87499,""ma_individuals"":174615}",2
Allegheny,2006-07-01,"{""ma_children"":88025,""ma_individuals"":175035}",2
Allegheny,2006-08-01,"{""ma_children"":88953,""ma_individuals"":176255}",2
Allegheny,2006-09-01,"{""ma_children"":88511,""ma_individuals"":175649}",2
Allegheny,2006-10-01,"{""ma_children"":88528,""ma_individuals"":175772}",2
Allegheny,2006-11-01,"{""ma_children"":87843,""ma_individuals"":174688}",2
Allegheny,2006-12-01,"{""ma_children"":87961,""ma_individuals"":174759}",2
Allegheny,2007-01-01,"{""ma_children"":87732,""ma_individuals"":174667}",2
Allegheny,2007-02-01,"{""ma_children"":87359,""ma_individuals"":174210}",2
Allegheny,2007-03-01,"{""ma_children"":89142,""ma_individuals"":177408}",2
Allegheny,2007-04-01,"{""ma_children"":88954,""ma_individuals"":176983}",2
Allegheny,2007-05-01,"{""ma_children"":88533,""ma_individuals"":176323}",2
Allegheny,2007-06-01,"{""ma_children"":88742,""ma_individuals"":176585}",2
Allegheny,2007-07-01,"{""ma_children"":88925,""ma_individuals"":176705}",2
Allegheny,2007-08-01,"{""ma_children"":89968,""ma_individuals"":178439}",2
Allegheny,2007-09-01,"{""ma_children"":90293,""ma_individuals"":179218}",2
Allegheny,2007-10-01,"{""ma_children"":90441,""ma_individuals"":179719}",2
Allegheny,2007-11-01,"{""ma_children"":88986,""ma_individuals"":177095}",2
Allegheny,2007-12-01,"{""ma_children"":88673,""ma_individuals"":176864}",2
Allegheny,2008-01-01,"{""ma_children"":88445,""ma_individuals"":176689}",2
Allegheny,2008-02-01,"{""ma_children"":88649,""ma_individuals"":177016}",2
Allegheny,2008-03-01,"{""ma_children"":89126,""ma_individuals"":178426}",2
Allegheny,2008-04-01,"{""ma_children"":89296,""ma_individuals"":179039}",2
Allegheny,2008-05-01,"{""ma_children"":89420,""ma_individuals"":179462}",2
Allegheny,2008-06-01,"{""ma_children"":89020,""ma_individuals"":178909}",2
Allegheny,2008-07-01,"{""ma_children"":89201,""ma_individuals"":179331}",2
Allegheny,2008-08-01,"{""ma_children"":89601,""ma_individuals"":180296}",2
Allegheny,2008-09-01,"{""ma_children"":89903,""ma_individuals"":180993}",2
Allegheny,2008-10-01,"{""ma_children"":90657,""ma_individuals"":182398}",2
Allegheny,2008-11-01,"{""ma_children"":90659,""ma_individuals"":182534}",2
Allegheny,2008-12-01,"{""ma_children"":90554,""ma_individuals"":182559}",2
Allegheny,2009-01-01,"{""ma_children"":90407,""ma_individuals"":182502}",2
Allegheny,2009-02-01,"{""ma_children"":91321,""ma_individuals"":184232}",2
Allegheny,2009-03-01,"{""ma_children"":92703,""ma_individuals"":186520}",2
Allegheny,2009-04-01,"{""ma_children"":92461,""ma_individuals"":186292}",2
Allegheny,2009-05-01,"{""ma_children"":92502,""ma_individuals"":186539}",2
Allegheny,2009-06-01,"{""ma_children"":93009,""ma_individuals"":187492}",2
Allegheny,2009-07-01,"{""ma_children"":93401,""ma_individuals"":187875}",2
Allegheny,2009-08-01,"{""ma_children"":94518,""ma_individuals"":189963}",2
Allegheny,2009-09-01,"{""ma_children"":94207,""ma_individuals"":189233}",2
Allegheny,2009-10-01,"{""ma_children"":95507,""ma_individuals"":191662}",2
Allegheny,2009-11-01,"{""ma_children"":95570,""ma_individuals"":191997}",2
Allegheny,2009-12-01,"{""ma_children"":95111,""ma_individuals"":191280}",2
Allegheny,2010-01-01,"{""ma_children"":95218,""ma_individuals"":191501}",2
Allegheny,2010-02-01,"{""ma_children"":95320,""ma_individuals"":191547}",2
Allegheny,2010-03-01,"{""ma_children"":97389,""ma_individuals"":195545}",2
Allegheny,2010-04-01,"{""ma_children"":97874,""ma_individuals"":196473}",2
Allegheny,2010-05-01,"{""ma_children"":98339,""ma_individuals"":197707}",2
Allegheny,2010-06-01,"{""ma_children"":98166,""ma_individuals"":197695}",2
Allegheny,2010-07-01,"{""ma_children"":99551,""ma_individuals"":200284}",2
Allegheny,2010-08-01,"{""ma_children"":100403,""ma_individuals"":201948}",2
Allegheny,2010-09-01,"{""ma_children"":99973,""ma_individuals"":201116}",2
Allegheny,2010-10-01,"{""ma_children"":100669,""ma_individuals"":202687}",2
Allegheny,2010-11-01,"{""ma_children"":101452,""ma_individuals"":204308}",2
Allegheny,2010-12-01,"{""ma_children"":101801,""ma_individuals"":205086}",2
Allegheny,2011-01-01,"{""ma_children"":101539,""ma_individuals"":204993}",2
Allegheny,2011-02-01,"{""ma_children"":101584,""ma_individuals"":205400}",2
Allegheny,2011-03-01,"{""ma_children"":102974,""ma_individuals"":208092}",2
Allegheny,2011-04-01,"{""ma_children"":103937,""ma_individuals"":210050}",2
Allegheny,2011-05-01,"{""ma_children"":103091,""ma_individuals"":208767}",2
Allegheny,2011-06-01,"{""ma_children"":102588,""ma_individuals"":208582}",2
Allegheny,2011-07-01,"{""ma_children"":103129,""ma_individuals"":209790}",2
Allegheny,2011-08-01,"{""ma_children"":103682,""ma_individuals"":210764}",2
Allegheny,2011-09-01,"{""ma_children"":103134,""ma_individuals"":209865}",2
Allegheny,2011-10-01,"{""ma_children"":102059,""ma_individuals"":206102}",2
Allegheny,2011-11-01,"{""ma_children"":99498,""ma_individuals"":198008}",2
Allegheny,2011-12-01,"{""ma_children"":93639,""ma_individuals"":195432}",2
Allegheny,2012-01-01,"{""ma_children"":93546,""ma_individuals"":195558}",2
Allegheny,2012-02-01,"{""ma_children"":93630,""ma_individuals"":195927}",2
Allegheny,2012-03-01,"{""ma_children"":93274,""ma_individuals"":195462}",2
Allegheny,2012-04-01,"{""ma_children"":93112,""ma_individuals"":195413}",2
Allegheny,2012-05-01,"{""ma_children"":93421,""ma_individuals"":196038}",2
Allegheny,2012-06-01,"{""ma_children"":93108,""ma_individuals"":195490}",2
Allegheny,2012-07-01,"{""ma_children"":93592,""ma_individuals"":196074}",2
Allegheny,2012-08-01,"{""ma_children"":93587,""ma_individuals"":195984}",2
Allegheny,2012-09-01,"{""ma_children"":93710,""ma_individuals"":195620}",2
Allegheny,2012-10-01,"{""ma_children"":93979,""ma_individuals"":196331}",2
Allegheny,2012-11-01,"{""ma_children"":93549,""ma_individuals"":195516}",2
Allegheny,2012-12-01,"{""ma_children"":93583,""ma_individuals"":195674}",2
Allegheny,2013-01-01,"{""ma_children"":93254,""ma_individuals"":195284}",2
Allegheny,2013-02-01,"{""ma_children"":92996,""ma_individuals"":194795}",2
Allegheny,2013-03-01,"{""ma_children"":93224,""ma_individuals"":195323}",2
Allegheny,2013-04-01,"{""ma_children"":93332,""ma_individuals"":195945}",2
Allegheny,2013-05-01,"{""ma_children"":93213,""ma_individuals"":195808}",2
Allegheny,2013-06-01,"{""ma_children"":92859,""ma_individuals"":195278}",2
Allegheny,2013-07-01,"{""ma_children"":93349,""ma_individuals"":196202}",2
Allegheny,2013-08-01,"{""ma_children"":92997,""ma_individuals"":195627}",2
Allegheny,2013-09-01,"{""ma_children"":92232,""ma_individuals"":194353}",2
Allegheny,2013-10-01,"{""ma_children"":92448,""ma_individuals"":194750}",2
Allegheny,2013-11-01,"{""ma_children"":92252,""ma_individuals"":194597}",2
Allegheny,2013-12-01,"{""ma_children"":92382,""ma_individuals"":194812}",2
Allegheny,2014-01-01,"{""ma_children"":92052,""ma_individuals"":194298}",2
Allegheny,2014-02-01,"{""ma_children"":92000,""ma_individuals"":194502}",2
Allegheny,2014-03-01,"{""ma_children"":92467,""ma_individuals"":195385}",2
Allegheny,2014-04-01,"{""ma_children"":93043,""ma_individuals"":196423}",2
Allegheny,2014-05-01,"{""ma_children"":92931,""ma_individuals"":196003}",2
Allegheny,2014-06-01,"{""ma_children"":92381,""ma_individuals"":194557}",2
Allegheny,2014-07-01,"{""ma_children"":93535,""ma_individuals"":195063}",2
Allegheny,2014-08-01,"{""ma_children"":93349,""ma_individuals"":194069}",2
Allegheny,2014-09-01,"{""ma_children"":93805,""ma_individuals"":194878}",2
Allegheny,2014-10-01,"{""ma_children"":93864,""ma_individuals"":194785}",2
Allegheny,2014-11-01,"{""ma_children"":93646,""ma_individuals"":194034}",2
Allegheny,2014-12-01,"{""ma_children"":93664,""ma_individuals"":193875}",2
Allegheny,2015-01-01,"{""ma_children"":94302,""ma_individuals"":199083}",2
Allegheny,2015-02-01,"{""ma_children"":94644,""ma_individuals"":202767}",2
Allegheny,2015-03-01,"{""ma_children"":95625,""ma_individuals"":209082}",2
Allegheny,2015-04-01,"{""ma_children"":96220,""ma_individuals"":213673}",2
Allegheny,2015-05-01,"{""ma_children"":96607,""ma_individuals"":216894}",2
Allegheny,2015-06-01,"{""ma_children"":96980,""ma_individuals"":219476}",2
Allegheny,2015-07-01,"{""ma_children"":96593,""ma_individuals"":220496}",2
Allegheny,2015-08-01,"{""ma_children"":96440,""ma_individuals"":222085}",2
Allegheny,2015-09-01,"{""ma_children"":96526,""ma_individuals"":222810}",2
Allegheny,2015-10-01,"{""ma_children"":96452,""ma_individuals"":223714}",2
Allegheny,2015-11-01,"{""ma_children"":96125,""ma_individuals"":224360}",2
Allegheny,2015-12-01,"{""ma_children"":96428,""ma_individuals"":227382}",2
Allegheny,2016-01-01,"{""ma_children"":96585,""ma_individuals"":229405}",2
Allegheny,2016-02-01,"{""ma_children"":96998,""ma_individuals"":231861}",2
Allegheny,2016-03-01,"{""ma_children"":97202,""ma_individuals"":233501}",2
Allegheny,2016-04-01,"{""ma_children"":96849,""ma_individuals"":232992}",2
Allegheny,2016-05-01,"{""ma_children"":96796,""ma_individuals"":233240}",2
Allegheny,2016-06-01,"{""ma_children"":96857,""ma_individuals"":233443}",2
Allegheny,2016-07-01,"{""ma_children"":96520,""ma_individuals"":234136}",2
Allegheny,2016-08-01,"{""ma_children"":96690,""ma_individuals"":233798}",2
Allegheny,2016-09-01,"{""ma_children"":96633,""ma_individuals"":234083}",2
Allegheny,2016-10-01,"{""ma_children"":96453,""ma_individuals"":233945}",2
Allegheny,2016-11-01,"{""ma_children"":96358,""ma_individuals"":234257}",2
Allegheny,2016-12-01,"{""ma_children"":96487,""ma_individuals"":235533}",2
Allegheny,2017-01-01,"{""ma_children"":97053,""ma_individuals"":238468}",2
Allegheny,2017-02-01,"{""ma_children"":97217,""ma_individuals"":239349}",2
Allegheny,2017-03-01,"{""ma_children"":97187,""ma_individuals"":239048}",2
Allegheny,2017-04-01,"{""ma_children"":96680,""ma_individuals"":237819}",2
Allegheny,2017-05-01,"{""ma_children"":96402,""ma_individuals"":237156}",2
Allegheny,2017-06-01,"{""ma_children"":96198,""ma_individuals"":236481}",2
Armstrong,2003-07-01,"{""ma_children"":5023,""ma_individuals"":10640}",2
Armstrong,2003-08-01,"{""ma_children"":5092,""ma_individuals"":10802}",2
Armstrong,2003-09-01,"{""ma_children"":5076,""ma_individuals"":10795}",2
Armstrong,2003-10-01,"{""ma_children"":5082,""ma_individuals"":10837}",2
Armstrong,2003-11-01,"{""ma_children"":5096,""ma_individuals"":10921}",2
Armstrong,2003-12-01,"{""ma_children"":5091,""ma_individuals"":10931}",2
Armstrong,2004-01-01,"{""ma_children"":5134,""ma_individuals"":11038}",2
Armstrong,2004-02-01,"{""ma_children"":5212,""ma_individuals"":11176}",2
Armstrong,2004-03-01,"{""ma_children"":5234,""ma_individuals"":11190}",2
Armstrong,2004-04-01,"{""ma_children"":5289,""ma_individuals"":11307}",2
Armstrong,2004-05-01,"{""ma_children"":5325,""ma_individuals"":11353}",2
Armstrong,2004-06-01,"{""ma_children"":5307,""ma_individuals"":11311}",2
Armstrong,2004-07-01,"{""ma_children"":5357,""ma_individuals"":11389}",2
Armstrong,2004-08-01,"{""ma_children"":5410,""ma_individuals"":11546}",2
Armstrong,2004-09-01,"{""ma_children"":5443,""ma_individuals"":11552}",2
Armstrong,2004-10-01,"{""ma_children"":5489,""ma_individuals"":11593}",2
Armstrong,2004-11-01,"{""ma_children"":5458,""ma_individuals"":11539}",2
Armstrong,2004-12-01,"{""ma_children"":5372,""ma_individuals"":11453}",2
Armstrong,2005-01-01,"{""ma_children"":5415,""ma_individuals"":11539}",2
Armstrong,2005-02-01,"{""ma_children"":5483,""ma_individuals"":11700}",2
Armstrong,2005-03-01,"{""ma_children"":5461,""ma_individuals"":11716}",2
Armstrong,2005-04-01,"{""ma_children"":5503,""ma_individuals"":11760}",2
Armstrong,2005-05-01,"{""ma_children"":5461,""ma_individuals"":11728}",2
Armstrong,2005-06-01,"{""ma_children"":5521,""ma_individuals"":11792}",2
Armstrong,2005-07-01,"{""ma_children"":5518,""ma_individuals"":11775}",2
Armstrong,2005-08-01,"{""ma_children"":5537,""ma_individuals"":11897}",2
Armstrong,2005-09-01,"{""ma_children"":5557,""ma_individuals"":11886}",2
Armstrong,2005-10-01,"{""ma_children"":5523,""ma_individuals"":11835}",2
Armstrong,2005-11-01,"{""ma_children"":5550,""ma_individuals"":11824}",2
Armstrong,2005-12-01,"{""ma_children"":5592,""ma_individuals"":11892}",2
Armstrong,2006-01-01,"{""ma_children"":5568,""ma_individuals"":11886}",2
Armstrong,2006-02-01,"{""ma_children"":5583,""ma_individuals"":11913}",2
Armstrong,2006-03-01,"{""ma_children"":5677,""ma_individuals"":12046}",2
Armstrong,2006-04-01,"{""ma_children"":5876,""ma_individuals"":12217}",2
Armstrong,2006-05-01,"{""ma_children"":5933,""ma_individuals"":12292}",2
Armstrong,2006-06-01,"{""ma_children"":5901,""ma_individuals"":12223}",2
Armstrong,2006-07-01,"{""ma_children"":5859,""ma_individuals"":12159}",2
Armstrong,2006-08-01,"{""ma_children"":5840,""ma_individuals"":12130}",2
Armstrong,2006-09-01,"{""ma_children"":5820,""ma_individuals"":12084}",2
Armstrong,2006-10-01,"{""ma_children"":5840,""ma_individuals"":12194}",2
Armstrong,2006-11-01,"{""ma_children"":5763,""ma_individuals"":12084}",2
Armstrong,2006-12-01,"{""ma_children"":5709,""ma_individuals"":12011}",2
Armstrong,2007-01-01,"{""ma_children"":5738,""ma_individuals"":12050}",2
Armstrong,2007-02-01,"{""ma_children"":5660,""ma_individuals"":11958}",2
Armstrong,2007-03-01,"{""ma_children"":5796,""ma_individuals"":12154}",2
Armstrong,2007-04-01,"{""ma_children"":5771,""ma_individuals"":12128}",2
Armstrong,2007-05-01,"{""ma_children"":5758,""ma_individuals"":12033}",2
Armstrong,2007-06-01,"{""ma_children"":5783,""ma_individuals"":12067}",2
Armstrong,2007-07-01,"{""ma_children"":5804,""ma_individuals"":12099}",2
Armstrong,2007-08-01,"{""ma_children"":5781,""ma_individuals"":12076}",2
Armstrong,2007-09-01,"{""ma_children"":5788,""ma_individuals"":12089}",2
Armstrong,2007-10-01,"{""ma_children"":5717,""ma_individuals"":12007}",2
Armstrong,2007-11-01,"{""ma_children"":5689,""ma_individuals"":11966}",2
Armstrong,2007-12-01,"{""ma_children"":5674,""ma_individuals"":11938}",2
Armstrong,2008-01-01,"{""ma_children"":5618,""ma_individuals"":11848}",2
Armstrong,2008-02-01,"{""ma_children"":5623,""ma_individuals"":11827}",2
Armstrong,2008-03-01,"{""ma_children"":5746,""ma_individuals"":12096}",2
Armstrong,2008-04-01,"{""ma_children"":5808,""ma_individuals"":12178}",2
Armstrong,2008-05-01,"{""ma_children"":5828,""ma_individuals"":12195}",2
Armstrong,2008-06-01,"{""ma_children"":5800,""ma_individuals"":12191}",2
Armstrong,2008-07-01,"{""ma_children"":5746,""ma_individuals"":12099}",2
Armstrong,2008-08-01,"{""ma_children"":5778,""ma_individuals"":12177}",2
Armstrong,2008-09-01,"{""ma_children"":5851,""ma_individuals"":12278}",2
Armstrong,2008-10-01,"{""ma_children"":5817,""ma_individuals"":12246}",2
Armstrong,2008-11-01,"{""ma_children"":5752,""ma_individuals"":12174}",2
Armstrong,2008-12-01,"{""ma_children"":5759,""ma_individuals"":12183}",2
Armstrong,2009-01-01,"{""ma_children"":5770,""ma_individuals"":12228}",2
Armstrong,2009-02-01,"{""ma_children"":5823,""ma_individuals"":12335}",2
Armstrong,2009-03-01,"{""ma_children"":5910,""ma_individuals"":12515}",2
Armstrong,2009-04-01,"{""ma_children"":5931,""ma_individuals"":12550}",2
Armstrong,2009-05-01,"{""ma_children"":5942,""ma_individuals"":12506}",2
Armstrong,2009-06-01,"{""ma_children"":5960,""ma_individuals"":12570}",2
Armstrong,2009-07-01,"{""ma_children"":5931,""ma_individuals"":12496}",2
Armstrong,2009-08-01,"{""ma_children"":6035,""ma_individuals"":12696}",2
Armstrong,2009-09-01,"{""ma_children"":6088,""ma_individuals"":12803}",2
Armstrong,2009-10-01,"{""ma_children"":6093,""ma_individuals"":12803}",2
Armstrong,2009-11-01,"{""ma_children"":6039,""ma_individuals"":12748}",2
Armstrong,2009-12-01,"{""ma_children"":5995,""ma_individuals"":12637}",2
Armstrong,2010-01-01,"{""ma_children"":6108,""ma_individuals"":12826}",2
Armstrong,2010-02-01,"{""ma_children"":6040,""ma_individuals"":12758}",2
Armstrong,2010-03-01,"{""ma_children"":6157,""ma_individuals"":13055}",2
Armstrong,2010-04-01,"{""ma_children"":6206,""ma_individuals"":13148}",2
Armstrong,2010-05-01,"{""ma_children"":6130,""ma_individuals"":13091}",2
Armstrong,2010-06-01,"{""ma_children"":6136,""ma_individuals"":13102}",2
Armstrong,2010-07-01,"{""ma_children"":6310,""ma_individuals"":13392}",2
Armstrong,2010-08-01,"{""ma_children"":6277,""ma_individuals"":13412}",2
Armstrong,2010-09-01,"{""ma_children"":6164,""ma_individuals"":13163}",2
Armstrong,2010-10-01,"{""ma_children"":6153,""ma_individuals"":13177}",2
Armstrong,2010-11-01,"{""ma_children"":6255,""ma_individuals"":13376}",2
Armstrong,2010-12-01,"{""ma_children"":6086,""ma_individuals"":13117}",2
Armstrong,2011-01-01,"{""ma_children"":6089,""ma_individuals"":13202}",2
Armstrong,2011-02-01,"{""ma_children"":6093,""ma_individuals"":13220}",2
Armstrong,2011-03-01,"{""ma_children"":6157,""ma_individuals"":13400}",2
Armstrong,2011-04-01,"{""ma_children"":6151,""ma_individuals"":13399}",2
Armstrong,2011-05-01,"{""ma_children"":6109,""ma_individuals"":13292}",2
Armstrong,2011-06-01,"{""ma_children"":6086,""ma_individuals"":13311}",2
Armstrong,2011-07-01,"{""ma_children"":6181,""ma_individuals"":13453}",2
Armstrong,2011-08-01,"{""ma_children"":6174,""ma_individuals"":13451}",2
Armstrong,2011-09-01,"{""ma_children"":6164,""ma_individuals"":13404}",2
Armstrong,2011-10-01,"{""ma_children"":6028,""ma_individuals"":13077}",2
Armstrong,2011-11-01,"{""ma_children"":5890,""ma_individuals"":12647}",2
Armstrong,2011-12-01,"{""ma_children"":5598,""ma_individuals"":12493}",2
Armstrong,2012-01-01,"{""ma_children"":5656,""ma_individuals"":12616}",2
Armstrong,2012-02-01,"{""ma_children"":5631,""ma_individuals"":12617}",2
Armstrong,2012-03-01,"{""ma_children"":5641,""ma_individuals"":12637}",2
Armstrong,2012-04-01,"{""ma_children"":5645,""ma_individuals"":12631}",2
Armstrong,2012-05-01,"{""ma_children"":5634,""ma_individuals"":12643}",2
Armstrong,2012-06-01,"{""ma_children"":5619,""ma_individuals"":12613}",2
Armstrong,2012-07-01,"{""ma_children"":5620,""ma_individuals"":12642}",2
Armstrong,2012-08-01,"{""ma_children"":5636,""ma_individuals"":12644}",2
Armstrong,2012-09-01,"{""ma_children"":5617,""ma_individuals"":12593}",2
Armstrong,2012-10-01,"{""ma_children"":5599,""ma_individuals"":12569}",2
Armstrong,2012-11-01,"{""ma_children"":5560,""ma_individuals"":12469}",2
Armstrong,2012-12-01,"{""ma_children"":5559,""ma_individuals"":12445}",2
Armstrong,2013-01-01,"{""ma_children"":5574,""ma_individuals"":12518}",2
Armstrong,2013-02-01,"{""ma_children"":5535,""ma_individuals"":12468}",2
Armstrong,2013-03-01,"{""ma_children"":5575,""ma_individuals"":12516}",2
Armstrong,2013-04-01,"{""ma_children"":5596,""ma_individuals"":12556}",2
Armstrong,2013-05-01,"{""ma_children"":5576,""ma_individuals"":12546}",2
Armstrong,2013-06-01,"{""ma_children"":5564,""ma_individuals"":12497}",2
Armstrong,2013-07-01,"{""ma_children"":5572,""ma_individuals"":12564}",2
Armstrong,2013-08-01,"{""ma_children"":5553,""ma_individuals"":12553}",2
Armstrong,2013-09-01,"{""ma_children"":5571,""ma_individuals"":12556}",2
Armstrong,2013-10-01,"{""ma_children"":5609,""ma_individuals"":12642}",2
Armstrong,2013-11-01,"{""ma_children"":5605,""ma_individuals"":12686}",2
Armstrong,2013-12-01,"{""ma_children"":5584,""ma_individuals"":12701}",2
Armstrong,2014-01-01,"{""ma_children"":5623,""ma_individuals"":12779}",2
Armstrong,2014-02-01,"{""ma_children"":5629,""ma_individuals"":12838}",2
Armstrong,2014-03-01,"{""ma_children"":5701,""ma_individuals"":12970}",2
Armstrong,2014-04-01,"{""ma_children"":5731,""ma_individuals"":13019}",2
Armstrong,2014-05-01,"{""ma_children"":5735,""ma_individuals"":12986}",2
Armstrong,2014-06-01,"{""ma_children"":5736,""ma_individuals"":12978}",2
Armstrong,2014-07-01,"{""ma_children"":5831,""ma_individuals"":13031}",2
Armstrong,2014-08-01,"{""ma_children"":5826,""ma_individuals"":12990}",2
Armstrong,2014-09-01,"{""ma_children"":5811,""ma_individuals"":12952}",2
Armstrong,2014-10-01,"{""ma_children"":5792,""ma_individuals"":12864}",2
Armstrong,2014-11-01,"{""ma_children"":5723,""ma_individuals"":12754}",2
Armstrong,2014-12-01,"{""ma_children"":5769,""ma_individuals"":12783}",2
Armstrong,2015-01-01,"{""ma_children"":5815,""ma_individuals"":13356}",2
Armstrong,2015-02-01,"{""ma_children"":5875,""ma_individuals"":13710}",2
Armstrong,2015-03-01,"{""ma_children"":5940,""ma_individuals"":14108}",2
Armstrong,2015-04-01,"{""ma_children"":5969,""ma_individuals"":14314}",2
Armstrong,2015-05-01,"{""ma_children"":6021,""ma_individuals"":14488}",2
Armstrong,2015-06-01,"{""ma_children"":6018,""ma_individuals"":14597}",2
Armstrong,2015-07-01,"{""ma_children"":6063,""ma_individuals"":14778}",2
Armstrong,2015-08-01,"{""ma_children"":6085,""ma_individuals"":14937}",2
Armstrong,2015-09-01,"{""ma_children"":6136,""ma_individuals"":15072}",2
Armstrong,2015-10-01,"{""ma_children"":6165,""ma_individuals"":15161}",2
Armstrong,2015-11-01,"{""ma_children"":6165,""ma_individuals"":15206}",2
Armstrong,2015-12-01,"{""ma_children"":6254,""ma_individuals"":15529}",2
Armstrong,2016-01-01,"{""ma_children"":6269,""ma_individuals"":15646}",2
Armstrong,2016-02-01,"{""ma_children"":6254,""ma_individuals"":15690}",2
Armstrong,2016-03-01,"{""ma_children"":6284,""ma_individuals"":15814}",2
Armstrong,2016-04-01,"{""ma_children"":6300,""ma_individuals"":15858}",2
Armstrong,2016-05-01,"{""ma_children"":6243,""ma_individuals"":15858}",2
Armstrong,2016-06-01,"{""ma_children"":6233,""ma_individuals"":15884}",2
Armstrong,2016-07-01,"{""ma_children"":6261,""ma_individuals"":16024}",2
Armstrong,2016-08-01,"{""ma_children"":6271,""ma_individuals"":16006}",2
Armstrong,2016-09-01,"{""ma_children"":6225,""ma_individuals"":15907}",2
Armstrong,2016-10-01,"{""ma_children"":6201,""ma_individuals"":15881}",2
Armstrong,2016-11-01,"{""ma_children"":6171,""ma_individuals"":15872}",2
Armstrong,2016-12-01,"{""ma_children"":6153,""ma_individuals"":15920}",2
Armstrong,2017-01-01,"{""ma_children"":6130,""ma_individuals"":15928}",2
Armstrong,2017-02-01,"{""ma_children"":6140,""ma_individuals"":15984}",2
Armstrong,2017-03-01,"{""ma_children"":6123,""ma_individuals"":15991}",2
Armstrong,2017-04-01,"{""ma_children"":6096,""ma_individuals"":15931}",2
Armstrong,2017-05-01,"{""ma_children"":6097,""ma_individuals"":15966}",2
Armstrong,2017-06-01,"{""ma_children"":6113,""ma_individuals"":15958}",2
Beaver,2003-07-01,"{""ma_children"":12227,""ma_individuals"":24496}",2
Beaver,2003-08-01,"{""ma_children"":12328,""ma_individuals"":24740}",2
Beaver,2003-09-01,"{""ma_children"":12316,""ma_individuals"":24739}",2
Beaver,2003-10-01,"{""ma_children"":12413,""ma_individuals"":24986}",2
Beaver,2003-11-01,"{""ma_children"":12456,""ma_individuals"":24968}",2
Beaver,2003-12-01,"{""ma_children"":12314,""ma_individuals"":24787}",2
Beaver,2004-01-01,"{""ma_children"":12434,""ma_individuals"":25122}",2
Beaver,2004-02-01,"{""ma_children"":12560,""ma_individuals"":25393}",2
Beaver,2004-03-01,"{""ma_children"":12633,""ma_individuals"":25661}",2
Beaver,2004-04-01,"{""ma_children"":12731,""ma_individuals"":25838}",2
Beaver,2004-05-01,"{""ma_children"":12800,""ma_individuals"":25976}",2
Beaver,2004-06-01,"{""ma_children"":12835,""ma_individuals"":26059}",2
Beaver,2004-07-01,"{""ma_children"":12922,""ma_individuals"":26208}",2
Beaver,2004-08-01,"{""ma_children"":12984,""ma_individuals"":26377}",2
Beaver,2004-09-01,"{""ma_children"":12956,""ma_individuals"":26361}",2
Beaver,2004-10-01,"{""ma_children"":13082,""ma_individuals"":26694}",2
Beaver,2004-11-01,"{""ma_children"":13016,""ma_individuals"":26651}",2
Beaver,2004-12-01,"{""ma_children"":13006,""ma_individuals"":26592}",2
Beaver,2005-01-01,"{""ma_children"":13040,""ma_individuals"":26750}",2
Beaver,2005-02-01,"{""ma_children"":13084,""ma_individuals"":26859}",2
Beaver,2005-03-01,"{""ma_children"":13150,""ma_individuals"":26995}",2
Beaver,2005-04-01,"{""ma_children"":13208,""ma_individuals"":27172}",2
Beaver,2005-05-01,"{""ma_children"":13225,""ma_individuals"":27248}",2
Beaver,2005-06-01,"{""ma_children"":13239,""ma_individuals"":27197}",2
Beaver,2005-07-01,"{""ma_children"":13264,""ma_individuals"":27225}",2
Beaver,2005-08-01,"{""ma_children"":13424,""ma_individuals"":27488}",2
Beaver,2005-09-01,"{""ma_children"":13366,""ma_individuals"":27475}",2
Beaver,2005-10-01,"{""ma_children"":13431,""ma_individuals"":27628}",2
Beaver,2005-11-01,"{""ma_children"":13421,""ma_individuals"":27625}",2
Beaver,2005-12-01,"{""ma_children"":13425,""ma_individuals"":27648}",2
Beaver,2006-01-01,"{""ma_children"":13411,""ma_individuals"":27679}",2
Beaver,2006-02-01,"{""ma_children"":13438,""ma_individuals"":27683}",2
Beaver,2006-03-01,"{""ma_children"":13647,""ma_individuals"":27984}",2
Beaver,2006-04-01,"{""ma_children"":14118,""ma_individuals"":28576}",2
Beaver,2006-05-01,"{""ma_children"":14153,""ma_individuals"":28543}",2
Beaver,2006-06-01,"{""ma_children"":14165,""ma_individuals"":28531}",2
Beaver,2006-07-01,"{""ma_children"":14120,""ma_individuals"":28413}",2
Beaver,2006-08-01,"{""ma_children"":14293,""ma_individuals"":28651}",2
Beaver,2006-09-01,"{""ma_children"":14317,""ma_individuals"":28706}",2
Beaver,2006-10-01,"{""ma_children"":14267,""ma_individuals"":28578}",2
Beaver,2006-11-01,"{""ma_children"":14254,""ma_individuals"":28499}",2
Beaver,2006-12-01,"{""ma_children"":14122,""ma_individuals"":28326}",2
Beaver,2007-01-01,"{""ma_children"":14072,""ma_individuals"":28248}",2
Beaver,2007-02-01,"{""ma_children"":14089,""ma_individuals"":28165}",2
Beaver,2007-03-01,"{""ma_children"":14187,""ma_individuals"":28527}",2
Beaver,2007-04-01,"{""ma_children"":14001,""ma_individuals"":28281}",2
Beaver,2007-05-01,"{""ma_children"":14128,""ma_individuals"":28479}",2
Beaver,2007-06-01,"{""ma_children"":14130,""ma_individuals"":28517}",2
Beaver,2007-07-01,"{""ma_children"":14063,""ma_individuals"":28365}",2
Beaver,2007-08-01,"{""ma_children"":14085,""ma_individuals"":28346}",2
Beaver,2007-09-01,"{""ma_children"":14125,""ma_individuals"":28480}",2
Beaver,2007-10-01,"{""ma_children"":14188,""ma_individuals"":28633}",2
Beaver,2007-11-01,"{""ma_children"":14008,""ma_individuals"":28258}",2
Beaver,2007-12-01,"{""ma_children"":13900,""ma_individuals"":28100}",2
Beaver,2008-01-01,"{""ma_children"":13825,""ma_individuals"":27996}",2
Beaver,2008-02-01,"{""ma_children"":13813,""ma_individuals"":27986}",2
Beaver,2008-03-01,"{""ma_children"":13913,""ma_individuals"":28191}",2
Beaver,2008-04-01,"{""ma_children"":14106,""ma_individuals"":28472}",2
Beaver,2008-05-01,"{""ma_children"":14033,""ma_individuals"":28538}",2
Beaver,2008-06-01,"{""ma_children"":14038,""ma_individuals"":28473}",2
Beaver,2008-07-01,"{""ma_children"":14080,""ma_individuals"":28565}",2
Beaver,2008-08-01,"{""ma_children"":14018,""ma_individuals"":28512}",2
Beaver,2008-09-01,"{""ma_children"":13947,""ma_individuals"":28407}",2
Beaver,2008-10-01,"{""ma_children"":14125,""ma_individuals"":28679}",2
Beaver,2008-11-01,"{""ma_children"":14090,""ma_individuals"":28604}",2
Beaver,2008-12-01,"{""ma_children"":14066,""ma_individuals"":28543}",2
Beaver,2009-01-01,"{""ma_children"":14194,""ma_individuals"":28836}",2
Beaver,2009-02-01,"{""ma_children"":14313,""ma_individuals"":29051}",2
Beaver,2009-03-01,"{""ma_children"":14300,""ma_individuals"":29132}",2
Beaver,2009-04-01,"{""ma_children"":14356,""ma_individuals"":29219}",2
Beaver,2009-05-01,"{""ma_children"":14388,""ma_individuals"":29267}",2
Beaver,2009-06-01,"{""ma_children"":14378,""ma_individuals"":29261}",2
Beaver,2009-07-01,"{""ma_children"":14473,""ma_individuals"":29356}",2
Beaver,2009-08-01,"{""ma_children"":14655,""ma_individuals"":29651}",2
Beaver,2009-09-01,"{""ma_children"":14610,""ma_individuals"":29576}",2
Beaver,2009-10-01,"{""ma_children"":14771,""ma_individuals"":29888}",2
Beaver,2009-11-01,"{""ma_children"":14713,""ma_individuals"":29738}",2
Beaver,2009-12-01,"{""ma_children"":14683,""ma_individuals"":29663}",2
Beaver,2010-01-01,"{""ma_children"":14816,""ma_individuals"":29962}",2
Beaver,2010-02-01,"{""ma_children"":14786,""ma_individuals"":29992}",2
Beaver,2010-03-01,"{""ma_children"":15061,""ma_individuals"":30471}",2
Beaver,2010-04-01,"{""ma_children"":15090,""ma_individuals"":30511}",2
Beaver,2010-05-01,"{""ma_children"":15001,""ma_individuals"":30459}",2
Beaver,2010-06-01,"{""ma_children"":14832,""ma_individuals"":30217}",2
Beaver,2010-07-01,"{""ma_children"":15210,""ma_individuals"":30872}",2
Beaver,2010-08-01,"{""ma_children"":15228,""ma_individuals"":30991}",2
Beaver,2010-09-01,"{""ma_children"":14919,""ma_individuals"":30444}",2
Beaver,2010-10-01,"{""ma_children"":15049,""ma_individuals"":30712}",2
Beaver,2010-11-01,"{""ma_children"":15107,""ma_individuals"":30816}",2
Beaver,2010-12-01,"{""ma_children"":15002,""ma_individuals"":30719}",2
Beaver,2011-01-01,"{""ma_children"":15206,""ma_individuals"":31161}",2
Beaver,2011-02-01,"{""ma_children"":15162,""ma_individuals"":31163}",2
Beaver,2011-03-01,"{""ma_children"":15249,""ma_individuals"":31241}",2
Beaver,2011-04-01,"{""ma_children"":15207,""ma_individuals"":31322}",2
Beaver,2011-05-01,"{""ma_children"":15227,""ma_individuals"":31406}",2
Beaver,2011-06-01,"{""ma_children"":15110,""ma_individuals"":31302}",2
Beaver,2011-07-01,"{""ma_children"":15190,""ma_individuals"":31502}",2
Beaver,2011-08-01,"{""ma_children"":15317,""ma_individuals"":31770}",2
Beaver,2011-09-01,"{""ma_children"":15246,""ma_individuals"":31677}",2
Beaver,2011-10-01,"{""ma_children"":15164,""ma_individuals"":31047}",2
Beaver,2011-11-01,"{""ma_children"":14787,""ma_individuals"":29927}",2
Beaver,2011-12-01,"{""ma_children"":14140,""ma_individuals"":29687}",2
Beaver,2012-01-01,"{""ma_children"":14212,""ma_individuals"":29844}",2
Beaver,2012-02-01,"{""ma_children"":14273,""ma_individuals"":29881}",2
Beaver,2012-03-01,"{""ma_children"":14252,""ma_individuals"":29871}",2
Beaver,2012-04-01,"{""ma_children"":14215,""ma_individuals"":29863}",2
Beaver,2012-05-01,"{""ma_children"":14233,""ma_individuals"":29929}",2
Beaver,2012-06-01,"{""ma_children"":14091,""ma_individuals"":29711}",2
Beaver,2012-07-01,"{""ma_children"":14034,""ma_individuals"":29628}",2
Beaver,2012-08-01,"{""ma_children"":14039,""ma_individuals"":29612}",2
Beaver,2012-09-01,"{""ma_children"":13933,""ma_individuals"":29390}",2
Beaver,2012-10-01,"{""ma_children"":13932,""ma_individuals"":29516}",2
Beaver,2012-11-01,"{""ma_children"":13876,""ma_individuals"":29323}",2
Beaver,2012-12-01,"{""ma_children"":13916,""ma_individuals"":29390}",2
Beaver,2013-01-01,"{""ma_children"":14002,""ma_individuals"":29627}",2
Beaver,2013-02-01,"{""ma_children"":13932,""ma_individuals"":29556}",2
Beaver,2013-03-01,"{""ma_children"":13975,""ma_individuals"":29669}",2
Beaver,2013-04-01,"{""ma_children"":13987,""ma_individuals"":29730}",2
Beaver,2013-05-01,"{""ma_children"":13973,""ma_individuals"":29778}",2
Beaver,2013-06-01,"{""ma_children"":13890,""ma_individuals"":29705}",2
Beaver,2013-07-01,"{""ma_children"":13929,""ma_individuals"":29810}",2
Beaver,2013-08-01,"{""ma_children"":13828,""ma_individuals"":29665}",2
Beaver,2013-09-01,"{""ma_children"":13691,""ma_individuals"":29454}",2
Beaver,2013-10-01,"{""ma_children"":13725,""ma_individuals"":29503}",2
Beaver,2013-11-01,"{""ma_children"":13752,""ma_individuals"":29467}",2
Beaver,2013-12-01,"{""ma_children"":13652,""ma_individuals"":29348}",2
Beaver,2014-01-01,"{""ma_children"":13663,""ma_individuals"":29371}",2
Beaver,2014-02-01,"{""ma_children"":13659,""ma_individuals"":29338}",2
Beaver,2014-03-01,"{""ma_children"":13816,""ma_individuals"":29565}",2
Beaver,2014-04-01,"{""ma_children"":13970,""ma_individuals"":29884}",2
Beaver,2014-05-01,"{""ma_children"":13954,""ma_individuals"":29816}",2
Beaver,2014-06-01,"{""ma_children"":13895,""ma_individuals"":29629}",2
Beaver,2014-07-01,"{""ma_children"":14137,""ma_individuals"":29736}",2
Beaver,2014-08-01,"{""ma_children"":14080,""ma_individuals"":29570}",2
Beaver,2014-09-01,"{""ma_children"":14106,""ma_individuals"":29603}",2
Beaver,2014-10-01,"{""ma_children"":14180,""ma_individuals"":29708}",2
Beaver,2014-11-01,"{""ma_children"":14109,""ma_individuals"":29519}",2
Beaver,2014-12-01,"{""ma_children"":14186,""ma_individuals"":29634}",2
Beaver,2015-01-01,"{""ma_children"":14364,""ma_individuals"":31050}",2
Beaver,2015-02-01,"{""ma_children"":14444,""ma_individuals"":31739}",2
Beaver,2015-03-01,"{""ma_children"":14616,""ma_individuals"":32589}",2
Beaver,2015-04-01,"{""ma_children"":14688,""ma_individuals"":33016}",2
Beaver,2015-05-01,"{""ma_children"":14646,""ma_individuals"":33241}",2
Beaver,2015-06-01,"{""ma_children"":14707,""ma_individuals"":33605}",2
Beaver,2015-07-01,"{""ma_children"":14721,""ma_individuals"":33829}",2
Beaver,2015-08-01,"{""ma_children"":14755,""ma_individuals"":34121}",2
Beaver,2015-09-01,"{""ma_children"":14769,""ma_individuals"":34194}",2
Beaver,2015-10-01,"{""ma_children"":14832,""ma_individuals"":34428}",2
Beaver,2015-11-01,"{""ma_children"":14790,""ma_individuals"":34574}",2
Beaver,2015-12-01,"{""ma_children"":14880,""ma_individuals"":35074}",2
Beaver,2016-01-01,"{""ma_children"":14900,""ma_individuals"":35268}",2
Beaver,2016-02-01,"{""ma_children"":14929,""ma_individuals"":35408}",2
Beaver,2016-03-01,"{""ma_children"":14994,""ma_individuals"":35693}",2
Beaver,2016-04-01,"{""ma_children"":14902,""ma_individuals"":35604}",2
Beaver,2016-05-01,"{""ma_children"":14907,""ma_individuals"":35742}",2
Beaver,2016-06-01,"{""ma_children"":14797,""ma_individuals"":35640}",2
Beaver,2016-07-01,"{""ma_children"":14775,""ma_individuals"":35903}",2
Beaver,2016-08-01,"{""ma_children"":14837,""ma_individuals"":35911}",2
Beaver,2016-09-01,"{""ma_children"":14828,""ma_individuals"":35888}",2
Beaver,2016-10-01,"{""ma_children"":14784,""ma_individuals"":35921}",2
Beaver,2016-11-01,"{""ma_children"":14733,""ma_individuals"":35898}",2
Beaver,2016-12-01,"{""ma_children"":14728,""ma_individuals"":36024}",2
Beaver,2017-01-01,"{""ma_children"":14830,""ma_individuals"":36362}",2
Beaver,2017-02-01,"{""ma_children"":14781,""ma_individuals"":36383}",2
Beaver,2017-03-01,"{""ma_children"":14733,""ma_individuals"":36273}",2
Beaver,2017-04-01,"{""ma_children"":14737,""ma_individuals"":36263}",2
Beaver,2017-05-01,"{""ma_children"":14749,""ma_individuals"":36301}",2
Beaver,2017-06-01,"{""ma_children"":14696,""ma_individuals"":36179}",2
Bedford,2003-07-01,"{""ma_children"":3617,""ma_individuals"":6975}",2
Bedford,2003-08-01,"{""ma_children"":3679,""ma_individuals"":7079}",2
Bedford,2003-09-01,"{""ma_children"":3691,""ma_individuals"":7113}",2
Bedford,2003-10-01,"{""ma_children"":3670,""ma_individuals"":7092}",2
Bedford,2003-11-01,"{""ma_children"":3694,""ma_individuals"":7147}",2
Bedford,2003-12-01,"{""ma_children"":3684,""ma_individuals"":7098}",2
Bedford,2004-01-01,"{""ma_children"":3740,""ma_individuals"":7222}",2
Bedford,2004-02-01,"{""ma_children"":3748,""ma_individuals"":7244}",2
Bedford,2004-03-01,"{""ma_children"":3775,""ma_individuals"":7311}",2
Bedford,2004-04-01,"{""ma_children"":3703,""ma_individuals"":7202}",2
Bedford,2004-05-01,"{""ma_children"":3841,""ma_individuals"":7442}",2
Bedford,2004-06-01,"{""ma_children"":3699,""ma_individuals"":7212}",2
Bedford,2004-07-01,"{""ma_children"":3817,""ma_individuals"":7428}",2
Bedford,2004-08-01,"{""ma_children"":3883,""ma_individuals"":7513}",2
Bedford,2004-09-01,"{""ma_children"":3890,""ma_individuals"":7559}",2
Bedford,2004-10-01,"{""ma_children"":3834,""ma_individuals"":7462}",2
Bedford,2004-11-01,"{""ma_children"":3948,""ma_individuals"":7672}",2
Bedford,2004-12-01,"{""ma_children"":3907,""ma_individuals"":7614}",2
Bedford,2005-01-01,"{""ma_children"":3992,""ma_individuals"":7801}",2
Bedford,2005-02-01,"{""ma_children"":3982,""ma_individuals"":7786}",2
Bedford,2005-03-01,"{""ma_children"":3951,""ma_individuals"":7747}",2
Bedford,2005-04-01,"{""ma_children"":4000,""ma_individuals"":7831}",2
Bedford,2005-05-01,"{""ma_children"":3981,""ma_individuals"":7809}",2
Bedford,2005-06-01,"{""ma_children"":3945,""ma_individuals"":7765}",2
Bedford,2005-07-01,"{""ma_children"":3857,""ma_individuals"":7591}",2
Bedford,2005-08-01,"{""ma_children"":3939,""ma_individuals"":7744}",2
Bedford,2005-09-01,"{""ma_children"":3953,""ma_individuals"":7756}",2
Bedford,2005-10-01,"{""ma_children"":3982,""ma_individuals"":7851}",2
Bedford,2005-11-01,"{""ma_children"":4062,""ma_individuals"":7944}",2
Bedford,2005-12-01,"{""ma_children"":4112,""ma_individuals"":8073}",2
Bedford,2006-01-01,"{""ma_children"":4110,""ma_individuals"":8048}",2
Bedford,2006-02-01,"{""ma_children"":4160,""ma_individuals"":8099}",2
Bedford,2006-03-01,"{""ma_children"":4165,""ma_individuals"":8072}",2
Bedford,2006-04-01,"{""ma_children"":4278,""ma_individuals"":8233}",2
Bedford,2006-05-01,"{""ma_children"":4275,""ma_individuals"":8224}",2
Bedford,2006-06-01,"{""ma_children"":4206,""ma_individuals"":8095}",2
Bedford,2006-07-01,"{""ma_children"":4175,""ma_individuals"":8043}",2
Bedford,2006-08-01,"{""ma_children"":4158,""ma_individuals"":8047}",2
Bedford,2006-09-01,"{""ma_children"":4125,""ma_individuals"":8059}",2
Bedford,2006-10-01,"{""ma_children"":4058,""ma_individuals"":7963}",2
Bedford,2006-11-01,"{""ma_children"":3996,""ma_individuals"":7830}",2
Bedford,2006-12-01,"{""ma_children"":4020,""ma_individuals"":7910}",2
Bedford,2007-01-01,"{""ma_children"":3958,""ma_individuals"":7775}",2
Bedford,2007-02-01,"{""ma_children"":3970,""ma_individuals"":7773}",2
Bedford,2007-03-01,"{""ma_children"":3983,""ma_individuals"":7859}",2
Bedford,2007-04-01,"{""ma_children"":4015,""ma_individuals"":7930}",2
Bedford,2007-05-01,"{""ma_children"":4002,""ma_individuals"":7933}",2
Bedford,2007-06-01,"{""ma_children"":3986,""ma_individuals"":7935}",2
Bedford,2007-07-01,"{""ma_children"":4005,""ma_individuals"":7975}",2
Bedford,2007-08-01,"{""ma_children"":3982,""ma_individuals"":7909}",2
Bedford,2007-09-01,"{""ma_children"":4009,""ma_individuals"":7983}",2
Bedford,2007-10-01,"{""ma_children"":4023,""ma_individuals"":8000}",2
Bedford,2007-11-01,"{""ma_children"":3944,""ma_individuals"":7896}",2
Bedford,2007-12-01,"{""ma_children"":3902,""ma_individuals"":7863}",2
Bedford,2008-01-01,"{""ma_children"":3859,""ma_individuals"":7791}",2
Bedford,2008-02-01,"{""ma_children"":3900,""ma_individuals"":7829}",2
Bedford,2008-03-01,"{""ma_children"":3994,""ma_individuals"":8066}",2
Bedford,2008-04-01,"{""ma_children"":3972,""ma_individuals"":8025}",2
Bedford,2008-05-01,"{""ma_children"":3984,""ma_individuals"":8035}",2
Bedford,2008-06-01,"{""ma_children"":3927,""ma_individuals"":7951}",2
Bedford,2008-07-01,"{""ma_children"":3904,""ma_individuals"":7938}",2
Bedford,2008-08-01,"{""ma_children"":3914,""ma_individuals"":8003}",2
Bedford,2008-09-01,"{""ma_children"":3926,""ma_individuals"":8031}",2
Bedford,2008-10-01,"{""ma_children"":3941,""ma_individuals"":8082}",2
Bedford,2008-11-01,"{""ma_children"":3950,""ma_individuals"":8104}",2
Bedford,2008-12-01,"{""ma_children"":4000,""ma_individuals"":8181}",2
Bedford,2009-01-01,"{""ma_children"":4005,""ma_individuals"":8241}",2
Bedford,2009-02-01,"{""ma_children"":4032,""ma_individuals"":8296}",2
Bedford,2009-03-01,"{""ma_children"":4102,""ma_individuals"":8429}",2
Bedford,2009-04-01,"{""ma_children"":4134,""ma_individuals"":8431}",2
Bedford,2009-05-01,"{""ma_children"":4134,""ma_individuals"":8460}",2
Bedford,2009-06-01,"{""ma_children"":4051,""ma_individuals"":8333}",2
Bedford,2009-07-01,"{""ma_children"":4102,""ma_individuals"":8381}",2
Bedford,2009-08-01,"{""ma_children"":4157,""ma_individuals"":8471}",2
Bedford,2009-09-01,"{""ma_children"":4213,""ma_individuals"":8544}",2
Bedford,2009-10-01,"{""ma_children"":4157,""ma_individuals"":8468}",2
Bedford,2009-11-01,"{""ma_children"":4153,""ma_individuals"":8470}",2
Bedford,2009-12-01,"{""ma_children"":4158,""ma_individuals"":8471}",2
Bedford,2010-01-01,"{""ma_children"":4303,""ma_individuals"":8682}",2
Bedford,2010-02-01,"{""ma_children"":4293,""ma_individuals"":8645}",2
Bedford,2010-03-01,"{""ma_children"":4368,""ma_individuals"":8789}",2
Bedford,2010-04-01,"{""ma_children"":4374,""ma_individuals"":8803}",2
Bedford,2010-05-01,"{""ma_children"":4327,""ma_individuals"":8789}",2
Bedford,2010-06-01,"{""ma_children"":4223,""ma_individuals"":8679}",2
Bedford,2010-07-01,"{""ma_children"":4220,""ma_individuals"":8731}",2
Bedford,2010-08-01,"{""ma_children"":4210,""ma_individuals"":8723}",2
Bedford,2010-09-01,"{""ma_children"":4190,""ma_individuals"":8686}",2
Bedford,2010-10-01,"{""ma_children"":4199,""ma_individuals"":8748}",2
Bedford,2010-11-01,"{""ma_children"":4183,""ma_individuals"":8709}",2
Bedford,2010-12-01,"{""ma_children"":4146,""ma_individuals"":8623}",2
Bedford,2011-01-01,"{""ma_children"":4171,""ma_individuals"":8697}",2
Bedford,2011-02-01,"{""ma_children"":4155,""ma_individuals"":8692}",2
Bedford,2011-03-01,"{""ma_children"":4267,""ma_individuals"":8853}",2
Bedford,2011-04-01,"{""ma_children"":4252,""ma_individuals"":8851}",2
Bedford,2011-05-01,"{""ma_children"":4241,""ma_individuals"":8832}",2
Bedford,2011-06-01,"{""ma_children"":4218,""ma_individuals"":8794}",2
Bedford,2011-07-01,"{""ma_children"":4179,""ma_individuals"":8767}",2
Bedford,2011-08-01,"{""ma_children"":4215,""ma_individuals"":8839}",2
Bedford,2011-09-01,"{""ma_children"":4242,""ma_individuals"":8867}",2
Bedford,2011-10-01,"{""ma_children"":4216,""ma_individuals"":8776}",2
Bedford,2011-11-01,"{""ma_children"":4180,""ma_individuals"":8555}",2
Bedford,2011-12-01,"{""ma_children"":3981,""ma_individuals"":8472}",2
Bedford,2012-01-01,"{""ma_children"":3977,""ma_individuals"":8474}",2
Bedford,2012-02-01,"{""ma_children"":3974,""ma_individuals"":8469}",2
Bedford,2012-03-01,"{""ma_children"":3952,""ma_individuals"":8466}",2
Bedford,2012-04-01,"{""ma_children"":3931,""ma_individuals"":8455}",2
Bedford,2012-05-01,"{""ma_children"":3971,""ma_individuals"":8515}",2
Bedford,2012-06-01,"{""ma_children"":3931,""ma_individuals"":8466}",2
Bedford,2012-07-01,"{""ma_children"":3953,""ma_individuals"":8503}",2
Bedford,2012-08-01,"{""ma_children"":3913,""ma_individuals"":8437}",2
Bedford,2012-09-01,"{""ma_children"":3874,""ma_individuals"":8371}",2
Bedford,2012-10-01,"{""ma_children"":3840,""ma_individuals"":8339}",2
Bedford,2012-11-01,"{""ma_children"":3834,""ma_individuals"":8317}",2
Bedford,2012-12-01,"{""ma_children"":3852,""ma_individuals"":8346}",2
Bedford,2013-01-01,"{""ma_children"":3892,""ma_individuals"":8464}",2
Bedford,2013-02-01,"{""ma_children"":3929,""ma_individuals"":8529}",2
Bedford,2013-03-01,"{""ma_children"":3969,""ma_individuals"":8598}",2
Bedford,2013-04-01,"{""ma_children"":4012,""ma_individuals"":8666}",2
Bedford,2013-05-01,"{""ma_children"":4014,""ma_individuals"":8642}",2
Bedford,2013-06-01,"{""ma_children"":3991,""ma_individuals"":8618}",2
Bedford,2013-07-01,"{""ma_children"":4003,""ma_individuals"":8670}",2
Bedford,2013-08-01,"{""ma_children"":3977,""ma_individuals"":8622}",2
Bedford,2013-09-01,"{""ma_children"":3915,""ma_individuals"":8591}",2
Bedford,2013-10-01,"{""ma_children"":3955,""ma_individuals"":8640}",2
Bedford,2013-11-01,"{""ma_children"":3973,""ma_individuals"":8704}",2
Bedford,2013-12-01,"{""ma_children"":3984,""ma_individuals"":8736}",2
Bedford,2014-01-01,"{""ma_children"":4037,""ma_individuals"":8832}",2
Bedford,2014-02-01,"{""ma_children"":4047,""ma_individuals"":8835}",2
Bedford,2014-03-01,"{""ma_children"":4095,""ma_individuals"":8917}",2
Bedford,2014-04-01,"{""ma_children"":4094,""ma_individuals"":8907}",2
Bedford,2014-05-01,"{""ma_children"":4149,""ma_individuals"":8976}",2
Bedford,2014-06-01,"{""ma_children"":4105,""ma_individuals"":8928}",2
Bedford,2014-07-01,"{""ma_children"":4209,""ma_individuals"":9001}",2
Bedford,2014-08-01,"{""ma_children"":4217,""ma_individuals"":8977}",2
Bedford,2014-09-01,"{""ma_children"":4249,""ma_individuals"":9027}",2
Bedford,2014-10-01,"{""ma_children"":4247,""ma_individuals"":9051}",2
Bedford,2014-11-01,"{""ma_children"":4227,""ma_individuals"":9026}",2
Bedford,2014-12-01,"{""ma_children"":4295,""ma_individuals"":9123}",2
Bedford,2015-01-01,"{""ma_children"":4383,""ma_individuals"":9753}",2
Bedford,2015-02-01,"{""ma_children"":4410,""ma_individuals"":9994}",2
Bedford,2015-03-01,"{""ma_children"":4478,""ma_individuals"":10270}",2
Bedford,2015-04-01,"{""ma_children"":4485,""ma_individuals"":10432}",2
Bedford,2015-05-01,"{""ma_children"":4516,""ma_individuals"":10506}",2
Bedford,2015-06-01,"{""ma_children"":4490,""ma_individuals"":10564}",2
Bedford,2015-07-01,"{""ma_children"":4491,""ma_individuals"":10585}",2
Bedford,2015-08-01,"{""ma_children"":4477,""ma_individuals"":10620}",2
Bedford,2015-09-01,"{""ma_children"":4503,""ma_individuals"":10712}",2
Bedford,2015-10-01,"{""ma_children"":4532,""ma_individuals"":10815}",2
Bedford,2015-11-01,"{""ma_children"":4536,""ma_individuals"":10897}",2
Bedford,2015-12-01,"{""ma_children"":4545,""ma_individuals"":11023}",2
Bedford,2016-01-01,"{""ma_children"":4522,""ma_individuals"":11035}",2
Bedford,2016-02-01,"{""ma_children"":4510,""ma_individuals"":11079}",2
Bedford,2016-03-01,"{""ma_children"":4516,""ma_individuals"":11108}",2
Bedford,2016-04-01,"{""ma_children"":4496,""ma_individuals"":11089}",2
Bedford,2016-05-01,"{""ma_children"":4522,""ma_individuals"":11179}",2
Bedford,2016-06-01,"{""ma_children"":4522,""ma_individuals"":11176}",2
Bedford,2016-07-01,"{""ma_children"":4489,""ma_individuals"":11251}",2
Bedford,2016-08-01,"{""ma_children"":4458,""ma_individuals"":11211}",2
Bedford,2016-09-01,"{""ma_children"":4433,""ma_individuals"":11175}",2
Bedford,2016-10-01,"{""ma_children"":4419,""ma_individuals"":11153}",2
